year,area,education,completion,count,population_15
96,高雄,研究所,畢業,58002,2305635
96,高雄,研究所,肄業,25744,2305635
96,全國,研究所,畢業,531322,18927715
96,全國,研究所,肄業,190630,18927715
97,高雄,研究所,畢業,64115,2325694
97,高雄,研究所,肄業,27956,2325694
97,全國,研究所,畢業,584257,19131828
97,全國,研究所,肄業,205237,19131828
98,高雄,研究所,畢業,70075,2343528
98,高雄,研究所,肄業,29588,2343528
98,全國,研究所,畢業,634161,19341754
98,全國,研究所,肄業,220891,19341754
99,高雄,研究所,畢業,76205,2364430
99,高雄,研究所,肄業,31510,2364430
99,全國,研究所,畢業,690331,19537812
99,全國,研究所,肄業,234377,19537812
100,高雄,博士,畢業,6379,2381300
100,高雄,博士,肄業,3965,2381300
100,高雄,碩士,畢業,76406,2381300
100,高雄,碩士,肄業,30831,2381300
100,高雄,研究所,畢業,82785,2381300
100,高雄,研究所,肄業,34796,2381300
100,全國,博士,畢業,61982,19723122
100,全國,博士,肄業,31631,19723122
100,全國,碩士,畢業,690899,19723122
100,全國,碩士,肄業,229653,19723122
100,全國,研究所,畢業,752881,19723122
100,全國,研究所,肄業,261284,19723122
101,高雄,博士,畢業,7050,2397196
101,高雄,博士,肄業,4466,2397196
101,高雄,碩士,畢業,83035,2397196
101,高雄,碩士,肄業,32540,2397196
101,高雄,研究所,畢業,90085,2397196
101,高雄,研究所,肄業,37006,2397196
101,全國,博士,畢業,67862,19904145
101,全國,博士,肄業,35234,19904145
101,全國,碩士,畢業,747501,19904145
101,全國,碩士,肄業,247910,19904145
101,全國,研究所,畢業,815363,19904145
101,全國,研究所,肄業,283144,19904145
102,高雄,博士,畢業,7710,2407232
102,高雄,博士,肄業,4745,2407232
102,高雄,碩士,畢業,89161,2407232
102,高雄,碩士,肄業,33293,2407232
102,高雄,研究所,畢業,96871,2407232
102,高雄,研究所,肄業,38038,2407232
102,全國,博士,畢業,73528,20026916
102,全國,博士,肄業,37713,20026916
102,全國,碩士,畢業,804504,20026916
102,全國,碩士,肄業,253696,20026916
102,全國,研究所,畢業,878032,20026916
102,全國,研究所,肄業,291409,20026916
103,高雄,博士,畢業,8243,2416142
103,高雄,博士,肄業,4967,2416142
103,高雄,碩士,畢業,95252,2416142
103,高雄,碩士,肄業,33589,2416142
103,高雄,研究所,畢業,103495,2416142
103,高雄,研究所,肄業,38556,2416142
103,全國,博士,畢業,78426,20156453
103,全國,博士,肄業,39927,20156453
103,全國,碩士,畢業,859665,20156453
103,全國,碩士,肄業,259396,20156453
103,全國,研究所,畢業,938091,20156453
103,全國,研究所,肄業,299323,20156453
104,高雄,博士,畢業,8747,2429331
104,高雄,博士,肄業,5126,2429331
104,高雄,碩士,畢業,100799,2429331
104,高雄,碩士,肄業,34125,2429331
104,高雄,研究所,畢業,109546,2429331
104,高雄,研究所,肄業,39251,2429331
104,全國,博士,畢業,82740,20304294
104,全國,博士,肄業,41519,20304294
104,全國,碩士,畢業,911036,20304294
104,全國,碩士,肄業,264637,20304294
104,全國,研究所,畢業,993776,20304294
104,全國,研究所,肄業,306156,20304294
105,高雄,博士,畢業,9214,2435578
105,高雄,博士,肄業,5215,2435578
105,高雄,碩士,畢業,106229,2435578
105,高雄,碩士,肄業,34705,2435578
105,高雄,研究所,畢業,115443,2435578
105,高雄,研究所,肄業,39920,2435578
105,全國,博士,畢業,86700,20397935
105,全國,博士,肄業,42930,20397935
105,全國,碩士,畢業,960456,20397935
105,全國,碩士,肄業,272131,20397935
105,全國,研究所,畢業,1047156,20397935
105,全國,研究所,肄業,315061,20397935
106,高雄,博士,畢業,9632,2439964
106,高雄,博士,肄業,5304,2439964
106,高雄,碩士,畢業,111678,2439964
106,高雄,碩士,肄業,35621,2439964
106,高雄,研究所,畢業,121310,2439964
106,高雄,研究所,肄業,40925,2439964
106,全國,博士,畢業,90597,20479354
106,全國,博士,肄業,43715,20479354
106,全國,碩士,畢業,1008966,20479354
106,全國,碩士,肄業,278345,20479354
106,全國,研究所,畢業,1099563,20479354
106,全國,研究所,肄業,322060,20479354
107,高雄,博士,畢業,10026,2441541
107,高雄,博士,肄業,5351,2441541
107,高雄,碩士,畢業,116970,2441541
107,高雄,碩士,肄業,36311,2441541
107,高雄,研究所,畢業,126996,2441541
107,高雄,研究所,肄業,41662,2441541
107,全國,博士,畢業,94160,20540705
107,全國,博士,肄業,44510,20540705
107,全國,碩士,畢業,1056976,20540705
107,全國,碩士,肄業,285774,20540705
107,全國,研究所,畢業,1151136,20540705
107,全國,研究所,肄業,330284,20540705
108,高雄,博士,畢業,10442,2444771
108,高雄,博士,肄業,5474,2444771
108,高雄,碩士,畢業,122380,2444771
108,高雄,碩士,肄業,36591,2444771
108,高雄,研究所,畢業,132822,2444771
108,高雄,研究所,肄業,42065,2444771
108,全國,博士,畢業,97683,20592770
108,全國,博士,肄業,45446,20592770
108,全國,碩士,畢業,1106081,20592770
108,全國,碩士,肄業,293922,20592770
108,全國,研究所,畢業,1203764,20592770
108,全國,研究所,肄業,339368,20592770
109,高雄,博士,畢業,10716,2442701
109,高雄,博士,肄業,5578,2442701
109,高雄,碩士,畢業,126942,2442701
109,高雄,碩士,肄業,37705,2442701
109,高雄,研究所,畢業,137658,2442701
109,高雄,研究所,肄業,43283,2442701
109,全國,博士,畢業,99912,20597840
109,全國,博士,肄業,46125,20597840
109,全國,碩士,畢業,1147994,20597840
109,全國,碩士,肄業,301487,20597840
109,全國,研究所,畢業,1247906,20597840
109,全國,研究所,肄業,347612,20597840
110,高雄,博士,畢業,10693,2428473
110,高雄,博士,肄業,5655,2428473
110,高雄,碩士,畢業,129048,2428473
110,高雄,碩士,肄業,39613,2428473
110,高雄,研究所,畢業,139741,2428473
110,高雄,研究所,肄業,45268,2428473
110,全國,博士,畢業,99577,20485406
110,全國,博士,肄業,46779,20485406
110,全國,碩士,畢業,1169645,20485406
110,全國,碩士,肄業,314167,20485406
110,全國,研究所,畢業,1269222,20485406
110,全國,研究所,肄業,360946,20485406
111,高雄,博士,畢業,10984,2419088
111,高雄,博士,肄業,5719,2419088
111,高雄,碩士,畢業,133347,2419088
111,高雄,碩士,肄業,40371,2419088
111,高雄,研究所,畢業,144331,2419088
111,高雄,研究所,肄業,46090,2419088
111,全國,博士,畢業,102014,20445471
111,全國,博士,肄業,47519,20445471
111,全國,碩士,畢業,1210635,20445471
111,全國,碩士,肄業,324402,20445471
111,全國,研究所,畢業,1312649,20445471
111,全國,研究所,肄業,371921,20445471
112,高雄,博士,畢業,11702,2432008
112,高雄,博士,肄業,5861,2432008
112,高雄,碩士,畢業,140344,2432008
112,高雄,碩士,肄業,41579,2432008
112,高雄,研究所,畢業,152046,2432008
112,高雄,研究所,肄業,47440,2432008
112,全國,博士,畢業,108650,20627029
112,全國,博士,肄業,49085,20627029
112,全國,碩士,畢業,1279606,20627029
112,全國,碩士,肄業,338209,20627029
112,全國,研究所,畢業,1388256,20627029
112,全國,研究所,肄業,387294,20627029
113,高雄,博士,畢業,12143,2431175
113,高雄,博士,肄業,5999,2431175
113,高雄,碩士,畢業,145833,2431175
113,高雄,碩士,肄業,42866,2431175
113,高雄,研究所,畢業,157976,2431175
113,高雄,研究所,肄業,48865,2431175
113,全國,博士,畢業,112675,20657834
113,全國,博士,肄業,50367,20657834
113,全國,碩士,畢業,1332184,20657834
113,全國,碩士,肄業,349831,20657834
113,全國,研究所,畢業,1444859,20657834
113,全國,研究所,肄業,400198,20657834
114,高雄,博士,畢業,12428,2424297
114,高雄,博士,肄業,6116,2424297
114,高雄,碩士,畢業,151445,2424297
114,高雄,碩士,肄業,44086,2424297
114,高雄,研究所,畢業,163873,2424297
114,高雄,研究所,肄業,50202,2424297
114,全國,博士,畢業,115693,20617242
114,全國,博士,肄業,51732,20617242
114,全國,碩士,畢業,1379888,20617242
114,全國,碩士,肄業,359656,20617242
114,全國,研究所,畢業,1495581,20617242
114,全國,研究所,肄業,411388,20617242
